Date,Meal,Time,Calories,Fat (g),Saturated Fat,Polyunsaturated Fat,Monounsaturated Fat,Trans Fat,Cholesterol,Sodium (mg),Potassium,Carbohydrates (g),Fiber,Sugar,Protein (g),Vitamin A,Vitamin C,Calcium,Iron,Note
2023-03-05,Breakfast,8:05 AM,440.1,15.5,6.5,1.8,4.4,0.0,332.1,1634.7,281.0,33.9,8.0,10.2,41.4,0.0,0.0,5.7,8.7,
2023-03-06,Breakfast,7:45 AM,168.0,0.7,0.1,0.0,0.0,0.0,0.0,511.0,0.0,32.1,8.0,8.9,10.0,0.0,0.0,0.0,0.0,
2023-03-06,Breakfast,8:00 AM,165.6,13.0,5.8,1.8,4.4,0.0,332.1,259.4,119.6,0.6,0.0,0.3,10.8,0.0,0.0,5.0,8.3,
2023-03-06,Breakfast,8:00 PM,177.5,8.9,0.6,0.0,0.0,0.0,0.0,126.8,494.5,20.3,2.5,8.9,3.8,25.4,0.0,31.7,2.5,
2023-03-06,Dinner,3:20 PM,533.0,25.7,3.2,0.0,0.0,1.0,0.0,315.0,170.0,27.3,3.4,0.2,14.7,0.0,6.0,0.0,0.0,
2023-03-06,Snacks,11:25 AM,188.0,6.3,4.0,0.0,0.0,0.0,0.0,790.0,0.0,7.6,0.0,6.9,25.0,0.0,0.0,0.0,0.0,
2023-03-06,Snacks,8:15 PM,563.7,7.8,4.3,0.0,0.0,0.0,0.0,511.0,0.0,62.6,13.6,38.7,59.9,0.0,0.0,0.0,0.0,
2023-03-07,Breakfast,7:45 AM,256.7,10.9,6.6,0.0,0.0,0.0,0.0,0.1,0.0,26.3,2.3,11.6,11.0,0.0,0.0,36.0,0.0,
2023-03-07,Breakfast,7:50 AM,159.4,2.4,1.6,0.0,0.0,0.0,0.0,0.6,0.0,2.8,3.0,2.0,30.4,0.0,0.0,22.8,0.0,
2023-03-07,Breakfast,7:55 AM,54.5,1.1,0.2,0.0,0.0,0.0,0.0,0.0,0.0,1.8,10.4,0.0,4.5,0.0,0.0,0.0,0.0,
2023-03-07,Breakfast,8:00 AM,6.1,0.6,0.1,0.0,0.0,0.0,0.0,0.6,5.6,1.8,1.3,0.0,0.1,0.1,1.1,2.8,4.8,
2023-03-07,Lunch,3:45 PM,457.6,13.1,8.8,0.0,0.0,0.0,0.0,0.1,0.0,32.4,5.5,31.9,48.8,0.0,0.0,39.0,0.0,
2023-03-07,Dinner,5:45 PM,316.8,10.6,3.0,0.0,0.0,0.0,0.0,694.4,554.2,4.4,0.0,2.4,49.0,12.0,0.0,6.4,1.6,
2023-03-07,Snacks,4:40 PM,90.0,0.0,0.0,0.0,0.0,0.0,0.0,0.0,320.0,26.0,4.0,18.0,2.0,12.0,90.0,8.0,0.0,
2023-03-07,Snacks,6:25 PM,281.1,5.0,2.7,0.0,0.0,0.0,0.0,0.0,0.0,26.7,5.4,26.3,29.8,0.0,0.0,0.0,0.0,
2023-03-08,Breakfast,10:35 AM,552.0,24.5,0.0,0.0,0.0,0.0,0.0,0.0,0.0,53.1,0.0,0.0,26.9,0.0,0.0,0.0,0.0,
2023-03-08,Breakfast,6:25 PM,177.5,8.9,0.6,0.0,0.0,0.0,0.0,126.8,494.5,20.3,2.5,8.9,3.8,25.4,0.0,31.7,2.5,
2023-03-08,Lunch,6:25 PM,460.0,11.0,1.5,0.0,0.0,0.0,0.0,710.0,0.0,79.0,17.0,11.0,19.0,0.0,150.0,40.0,25.0,
2023-03-08,Snacks,8:00 AM,319.0,3.8,2.2,0.0,0.0,0.0,0.0,0.0,0.0,25.9,6.5,25.3,42.8,0.0,0.0,0.0,0.0,
2023-03-09,Breakfast,,84.7,0.2,0.1,0.0,0.0,0.0,0.0,266.2,0.0,11.9,0.0,11.9,8.7,0.0,0.0,38.7,0.0,
2023-03-09,Breakfast,8:00 AM,115.9,2.5,0.5,0.0,0.0,0.0,0.0,0.0,0.0,18.6,2.8,0.3,3.4,0.0,0.0,0.0,0.0,
2023-03-09,Breakfast,8:05 AM,166.9,2.7,1.4,0.0,0.0,0.0,0.0,0.5,0.0,3.6,10.2,1.6,27.4,0.0,0.0,18.0,0.0,
2023-03-09,Breakfast,3:45 PM,133.1,6.7,0.5,0.0,0.0,0.0,0.0,95.1,370.9,15.2,1.9,6.7,2.9,19.0,0.0,23.8,1.9,
2023-03-09,Dinner,3:45 PM,61.5,0.4,0.0,0.2,0.0,0.0,0.0,103.5,480.0,14.4,4.2,7.1,1.4,1670.6,14.7,4.9,2.5,
2023-03-09,Dinner,4:20 PM,232.0,0.0,11.8,0.0,0.0,0.0,0.0,0.0,0.0,0.0,0.0,0.0,31.5,0.0,0.0,0.0,0.0,
2023-03-09,Dinner,8:40 PM,34.0,0.4,0.1,0.1,0.0,0.0,0.0,33.0,316.0,6.6,2.6,1.7,2.8,0.0,148.7,4.7,4.1,
2023-03-09,Snacks,,185.3,2.8,1.9,0.0,0.0,0.0,0.0,0.7,0.0,3.2,3.5,2.4,35.3,0.0,0.0,26.5,0.0,
2023-03-09,Snacks,10:25 AM,438.4,4.4,2.5,0.0,0.0,0.0,0.0,440.8,0.0,37.4,8.7,36.4,58.2,0.0,0.0,95.8,0.0,
2023-03-09,Snacks,3:40 PM,216.0,1.0,0.3,0.0,0.0,0.0,0.0,440.0,0.0,33.6,4.5,33.6,15.8,0.0,0.0,64.0,0.0,
2023-03-09,Snacks,8:05 PM,88.0,0.0,0.0,0.0,0.0,0.0,0.0,0.0,0.0,20.6,0.0,0.0,1.4,0.0,0.0,0.0,0.0,
2023-03-09,Snacks,8:40 PM,234.0,3.2,0.0,0.0,0.0,0.0,372.0,140.1,110.0,20.0,1.8,17.4,14.0,12.0,50.0,4.0,8.0,
2023-03-10,Breakfast,10:25 AM,111.2,1.7,1.1,0.0,0.0,0.0,0.0,0.4,0.0,1.9,2.1,1.4,21.2,0.0,0.0,15.9,0.0,
2023-03-10,Breakfast,10:30 AM,329.6,7.9,1.0,0.0,0.0,0.0,0.0,327.4,247.3,41.9,11.9,16.5,17.3,12.7,0.0,54.3,1.3,
2023-03-10,Lunch,4:55 PM,401.3,3.8,2.2,0.0,0.0,0.0,0.0,440.7,0.0,36.8,8.0,36.0,51.1,0.0,0.0,90.5,0.0,
2023-03-10,Dinner,4:55 PM,368.0,1.4,12.2,0.4,0.2,0.0,0.0,132.0,1264.0,26.6,10.4,6.8,42.7,0.0,594.6,18.8,16.2,
2023-03-10,Snacks,,314.6,20.9,6.9,4.2,8.0,0.0,818.4,312.4,303.6,1.6,0.0,0.8,27.6,0.0,0.0,12.3,21.4,
2023-03-10,Snacks,8:35 AM,61.6,0.2,0.0,0.0,0.0,0.0,0.0,0.0,237.1,15.4,3.1,12.2,1.2,0.0,116.2,5.2,0.7,
2023-03-11,Breakfast,8:35 AM,486.4,14.5,3.4,5.0,2.0,0.0,0.0,264.6,130.0,35.0,15.3,14.5,46.0,0.0,0.0,65.0,8.0,
2023-03-11,Breakfast,1:15 PM,88.8,4.4,0.3,0.0,0.0,0.0,0.0,63.4,247.3,10.1,1.3,4.4,1.9,12.7,0.0,15.9,1.3,
2023-03-11,Lunch,1:15 PM,570.0,21.0,8.0,0.0,0.0,0.0,0.0,970.0,0.0,51.0,4.0,12.0,43.0,0.0,0.0,0.0,0.0,
2023-03-11,Dinner,7:05 PM,417.8,32.0,5.3,2.4,11.9,0.0,0.0,67.2,1303.8,26.5,21.5,13.1,8.5,950.1,28.8,3.7,4.8,
2023-03-11,Dinner,9:20 PM,503.2,11.5,2.3,2.9,3.2,0.0,163.2,798.1,2494.4,39.8,15.6,10.2,67.4,0.0,892.0,29.4,28.6,
2023-03-11,Dinner,9:25 PM,62.3,2.2,0.6,0.5,0.7,0.0,35.7,36.5,94.8,0.0,0.0,0.0,10.9,0.0,0.0,0.0,5.0,
2023-03-12,Breakfast,1:00 PM,425.2,4.9,1.8,0.0,0.0,0.0,0.0,264.5,0.0,56.1,5.5,13.7,36.6,0.0,0.0,55.3,0.0,
2023-03-12,Lunch,1:00 PM,750.0,43.0,19.0,0.0,0.0,2.5,160.0,1280.0,0.0,42.0,3.0,10.0,48.0,10.0,2.0,30.0,35.0,
2023-03-12,Dinner,2:35 PM,137.6,0.8,0.1,0.0,0.0,0.0,0.0,0.0,237.1,29.4,7.6,26.2,2.6,0.0,116.2,5.2,0.7,
2023-03-12,Snacks,1:00 PM,140.0,0.4,0.2,0.0,0.0,0.0,0.0,440.0,0.0,19.6,0.0,19.6,14.4,0.0,0.0,64.0,0.0,
2023-03-12,Snacks,1:05 PM,235.4,3.0,1.7,0.0,0.0,0.0,0.0,0.6,0.0,16.8,7.5,16.0,31.8,0.0,0.0,22.8,0.0,
2023-03-13,Breakfast,2:40 PM,386.5,5.9,2.0,0.0,0.0,0.0,0.0,264.5,0.0,37.0,13.0,13.8,40.5,0.0,0.0,56.9,0.0,
2023-03-13,Breakfast,7:15 PM,177.5,8.9,0.6,0.0,0.0,0.0,0.0,126.8,494.5,20.3,2.5,8.9,3.8,25.4,0.0,31.7,2.5,
2023-03-13,Lunch,2:35 PM,402.8,12.5,3.9,1.7,3.2,0.0,327.4,125.5,121.4,52.3,3.3,3.6,19.6,0.0,0.0,4.9,8.6,
2023-03-13,Lunch,2:40 PM,54.1,0.2,0.0,0.0,0.0,0.0,0.0,172.6,169.5,0.8,0.0,0.7,11.3,0.0,0.0,0.7,0.5,
2023-03-13,Lunch,7:15 PM,75.6,8.4,3.4,1.1,3.2,0.0,0.0,0.1,0.0,0.1,0.0,0.0,0.0,0.0,0.0,0.0,0.0,
2023-03-13,Dinner,7:15 PM,334.5,12.4,4.5,2.8,3.3,0.0,53.6,157.5,241.6,33.9,4.9,2.3,20.6,0.0,0.0,4.0,6.4,
2023-03-13,Snacks,10:00 PM,331.3,3.6,2.1,0.0,0.0,0.0,0.0,220.7,0.0,27.0,8.0,26.2,43.9,0.0,0.0,58.5,0.0,
2023-03-14,Breakfast,5:30 PM,529.5,14.1,2.4,0.0,0.0,0.0,0.0,391.2,494.5,54.0,15.2,22.4,40.4,25.4,0.0,86.0,2.5,
2023-03-14,Lunch,5:30 PM,382.8,3.5,2.0,0.0,0.0,0.0,0.0,440.7,0.0,36.5,7.7,35.7,47.6,0.0,0.0,87.8,0.0,
2023-03-14,Dinner,,102.0,1.1,0.3,0.3,0.1,0.0,0.0,99.0,948.0,19.9,7.8,5.1,8.5,0.0,446.0,14.1,12.2,
2023-03-14,Dinner,7:45 PM,374.0,9.6,2.0,0.0,0.0,0.0,0.0,464.0,0.0,3.0,0.2,2.4,68.8,0.0,0.0,0.0,0.0,
2023-03-14,Snacks,7:45 PM,154.0,0.0,0.0,0.0,0.0,0.0,0.0,0.0,0.0,36.1,0.0,0.0,2.4,0.0,0.0,0.0,0.0,
2023-03-15,Breakfast,7:15 PM,565.0,22.2,6.3,0.0,0.0,0.0,0.0,1.0,0.0,58.6,5.6,20.0,30.0,0.0,25.0,0.0,0.0,
2023-03-15,Breakfast,7:20 PM,177.5,8.9,0.6,0.0,0.0,0.0,0.0,126.8,494.5,20.3,2.5,8.9,3.8,25.4,0.0,31.7,2.5,
2023-03-15,Lunch,7:20 PM,611.0,11.0,0.0,0.0,0.0,0.0,0.0,0.0,0.0,99.0,0.0,0.0,29.0,0.0,0.0,0.0,0.0,
2023-03-16,Breakfast,9:00 AM,484.0,22.0,6.2,0.0,0.0,0.0,0.0,0.0,0.0,39.6,5.1,3.9,29.1,0.0,0.0,0.0,0.0,
2023-03-16,Breakfast,10:20 PM,282.5,9.3,0.7,0.1,0.0,0.0,0.0,128.0,916.9,47.3,5.6,23.3,5.1,30.4,17.1,32.3,4.2,
2023-03-16,Lunch,,450.7,15.1,1.8,0.0,0.0,0.0,0.0,500.0,0.0,56.8,0.0,0.0,23.9,0.0,0.0,20.0,50.0,
2023-03-16,Snacks,10:25 PM,397.6,3.7,2.2,0.0,0.0,0.0,0.0,440.7,0.0,36.8,8.0,35.9,50.4,0.0,0.0,89.9,0.0,
2023-03-17,Breakfast,7:40 AM,359.6,5.3,2.0,0.0,0.0,0.0,0.0,264.5,0.0,33.7,11.0,13.7,39.2,0.0,0.0,56.9,0.0,
2023-03-17,Breakfast,4:30 PM,124.3,6.2,0.4,0.0,0.0,0.0,0.0,88.8,346.2,14.2,1.8,6.2,2.7,17.8,0.0,22.2,1.8,
2023-03-17,Breakfast,4:35 PM,105.0,0.4,0.1,0.1,0.0,0.0,0.0,1.2,422.4,27.0,3.1,14.4,1.3,5.0,17.1,0.6,1.7,
2023-03-17,Lunch,12:30 PM,684.0,31.6,13.0,2.7,3.6,0.0,327.4,1699.4,220.6,65.6,1.7,32.6,33.9,0.0,0.0,85.3,23.9,
2023-03-17,Lunch,4:35 PM,403.3,11.7,4.9,1.1,3.2,0.0,0.0,240.6,0.0,32.2,8.5,31.4,39.3,0.0,0.0,18.5,0.0,
2023-03-18,Breakfast,3:10 PM,404.0,5.5,1.9,0.0,0.0,0.0,0.0,240.4,0.0,41.9,12.7,21.7,41.6,0.0,0.0,15.9,0.0,
2023-03-18,Breakfast,7:25 PM,165.7,8.3,0.6,0.0,0.0,0.0,0.0,118.3,461.6,18.9,2.4,8.3,3.6,23.7,0.0,29.6,2.4,
2023-03-18,Lunch,3:10 PM,638.0,15.5,5.3,0.0,0.0,0.0,0.0,4.7,0.0,96.3,0.0,0.0,32.0,0.0,0.0,0.0,0.0,
2023-03-18,Dinner,7:25 PM,427.7,10.8,2.1,2.9,3.2,0.0,163.2,701.4,1763.0,25.2,9.6,6.3,60.3,26.0,470.9,16.6,23.5,
2023-03-19,Breakfast,6:35 PM,483.8,4.0,2.1,0.1,0.0,0.0,0.0,241.9,422.4,63.9,10.8,50.5,48.1,5.0,17.1,24.4,1.7,
2023-03-19,Lunch,6:35 PM,733.8,29.9,9.3,0.4,2.8,0.0,40.0,166.4,1350.3,99.1,7.8,16.8,17.9,35.7,35.0,17.9,3.3,
2023-03-19,Dinner,9:10 PM,418.0,18.3,6.6,2.8,6.4,0.0,327.4,254.9,248.5,31.5,5.4,4.1,27.6,0.0,0.0,5.4,8.9,
2023-03-20,Breakfast,5:10 PM,565.5,16.2,2.8,0.0,0.0,0.0,0.0,303.0,618.2,58.8,11.6,25.0,42.5,31.7,0.0,58.1,3.2,
2023-03-20,Lunch,5:10 PM,427.6,10.1,4.6,0.6,0.1,0.0,0.0,112.2,1074.4,22.6,8.8,5.8,68.0,0.0,505.5,16.0,13.8,
2023-03-20,Dinner,5:10 PM,303.7,8.1,1.4,0.1,0.1,0.0,99.2,146.1,21.2,17.0,0.2,0.1,36.0,0.0,0.0,3.2,5.3,
2023-03-21,Lunch,3:10 PM,510.0,16.8,6.2,2.8,6.4,0.0,327.4,776.5,121.4,65.8,1.7,0.3,21.4,0.0,0.0,18.6,42.9,
2023-03-21,Lunch,5:20 PM,40.6,0.1,0.0,0.0,0.0,0.0,0.0,129.5,127.1,0.6,0.0,0.6,8.5,0.0,0.0,0.5,0.3,
2023-03-21,Dinner,6:55 PM,527.6,11.9,4.4,0.4,0.1,0.0,0.0,112.2,1074.4,37.8,10.0,13.0,73.2,0.0,505.5,16.0,13.8,
2023-03-21,Snacks,5:20 PM,467.5,4.2,2.0,0.0,0.0,0.0,0.0,240.7,237.1,56.6,13.4,52.6,48.4,0.0,116.2,29.0,0.7,
2023-03-22,Breakfast,,81.0,0.2,0.1,0.0,0.0,0.0,0.0,1.0,0.0,19.0,0.5,16.1,0.9,0.0,25.0,0.0,0.0,
2023-03-22,Breakfast,9:30 AM,420.0,13.6,2.1,0.0,0.0,0.0,0.0,740.0,0.0,43.1,5.6,4.3,28.4,0.0,0.0,0.0,0.0,
2023-03-22,Breakfast,6:15 PM,156.8,4.6,0.4,0.0,0.0,0.0,0.0,183.4,247.3,20.1,1.3,14.4,8.7,12.7,0.0,15.9,1.3,
2023-03-22,Lunch,7:20 PM,611.0,11.0,0.0,0.0,0.0,0.0,0.0,0.0,0.0,99.0,0.0,0.0,29.0,0.0,0.0,0.0,0.0,
2023-03-22,Dinner,6:15 PM,217.0,9.5,5.5,0.0,0.0,0.0,0.0,0.4,0.0,18.0,1.8,1.5,20.0,0.0,0.0,0.0,0.0,
2023-03-22,Snacks,,166.8,2.5,1.7,0.0,0.0,0.0,0.0,0.7,0.0,2.9,3.2,2.1,31.8,0.0,0.0,23.8,0.0,
2023-03-22,Snacks,8:05 PM,68.0,0.2,0.1,0.0,0.0,0.0,0.0,120.0,0.0,10.0,0.0,10.0,6.8,0.0,0.0,0.0,0.0,
2023-03-22,Snacks,9:15 PM,83.8,0.7,0.1,0.0,0.0,0.0,0.0,0.0,0.0,15.2,5.3,15.2,1.5,0.0,0.0,0.0,0.0,
2023-03-23,Breakfast,11:25 AM,386.6,3.7,2.0,0.0,0.0,0.0,0.0,240.7,0.0,38.1,8.5,37.3,46.9,0.0,0.0,23.8,0.0,
2023-03-23,Lunch,3:00 PM,613.2,22.3,7.1,5.6,8.3,0.1,76.8,667.2,471.6,59.7,2.8,6.4,50.9,1.2,0.0,26.5,26.0,
2023-03-23,Dinner,7:45 PM,400.0,10.5,4.6,0.0,0.0,0.0,0.0,0.0,0.0,37.2,0.0,0.0,27.5,0.0,0.0,0.0,0.0,
2023-03-23,Snacks,7:40 PM,88.4,0.3,0.0,0.0,0.0,0.0,0.0,282.2,277.1,1.2,0.0,1.2,18.5,0.0,0.0,1.2,0.8,
2023-03-23,Snacks,10:00 PM,226.9,1.1,0.2,0.1,0.0,0.0,0.0,2.0,451.1,53.7,12.5,43.7,2.8,0.0,131.5,6.4,2.0,
2023-03-24,Breakfast,5:50 PM,88.8,4.4,0.3,0.0,0.0,0.0,0.0,63.4,247.3,10.1,1.3,4.4,1.9,12.7,0.0,15.9,1.3,
2023-03-24,Lunch,5:50 PM,516.6,4.6,2.6,0.1,0.0,0.0,0.0,242.0,422.4,62.9,10.5,49.3,56.3,5.0,17.1,30.8,1.7,
2023-03-24,Dinner,5:50 PM,93.5,4.5,1.4,1.0,1.9,0.1,32.0,39.5,138.0,0.3,0.0,0.0,16.5,0.5,0.0,0.5,1.5,
2023-03-24,Dinner,5:55 PM,418.6,17.2,6.1,2.7,6.0,0.0,327.4,291.3,284.4,31.6,5.4,4.2,30.0,0.0,0.0,5.6,9.0,
2023-03-24,Dinner,10:00 PM,352.0,5.2,1.2,0.0,0.0,0.0,0.0,1.8,0.0,3.4,1.4,2.0,72.0,0.0,0.0,0.0,0.0,
2023-03-24,Snacks,9:55 PM,169.4,1.7,0.4,1.0,0.5,0.0,0.0,116.0,1410.0,33.7,13.7,10.3,13.2,8.0,485.3,15.4,24.1,
2023-03-25,Breakfast,,308.7,4.4,1.7,0.0,0.0,0.0,0.0,144.5,0.0,31.5,4.9,13.8,34.0,0.0,0.0,16.9,0.0,
2023-03-25,Breakfast,7:45 AM,112.0,9.0,1.2,5.0,2.0,0.0,0.0,8.0,130.0,1.1,4.0,0.6,4.0,0.0,0.0,6.0,8.0,
2023-03-25,Breakfast,10:15 AM,65.0,2.9,0.0,0.0,0.0,0.0,0.0,36.0,0.0,5.9,0.8,0.1,1.0,0.0,0.0,0.0,0.0,
2023-03-25,Breakfast,2:50 PM,177.5,8.9,0.6,0.0,0.0,0.0,0.0,126.8,494.5,20.3,2.5,8.9,3.8,25.4,0.0,31.7,2.5,
2023-03-25,Lunch,2:35 PM,683.0,19.9,6.2,0.0,0.0,0.0,0.0,2000.0,0.0,72.4,6.8,13.4,50.1,0.0,0.0,0.0,0.0,
2023-03-25,Snacks,6:40 PM,314.8,3.3,1.9,0.0,0.0,0.0,0.0,124.8,0.0,26.8,4.9,26.3,42.9,0.0,0.0,0.0,0.0,
2023-03-26,Breakfast,2:25 PM,495.6,4.1,2.1,0.1,0.0,0.0,0.0,246.0,422.4,65.0,8.8,51.9,51.1,5.0,17.1,0.6,1.7,
2023-03-26,Lunch,5:10 PM,546.0,39.8,12.9,0.0,0.0,0.0,0.0,0.0,0.0,0.3,0.2,0.1,46.4,0.0,0.0,0.0,0.0,
2023-03-26,Snacks,5:10 PM,306.0,9.5,0.0,0.0,0.0,0.0,10.0,55.0,230.0,25.0,0.0,5.0,36.0,0.0,0.0,180.0,0.0,
2023-03-26,Snacks,10:00 PM,111.8,0.4,0.0,0.0,0.0,0.0,0.0,356.9,350.5,1.6,0.0,1.5,23.4,0.0,0.0,1.5,1.0,
2023-03-26,Snacks,10:05 PM,15.4,0.4,0.1,0.0,0.0,0.0,0.0,0.0,0.0,2.5,0.9,2.5,0.8,0.0,0.0,0.0,0.0,
2023-03-27,Breakfast,9:10 AM,70.0,0.3,0.1,0.0,0.0,0.0,0.0,0.0,0.0,12.8,0.4,5.4,1.5,0.0,25.0,0.0,0.0,
2023-03-27,Breakfast,12:05 PM,469.0,20.3,5.2,0.0,0.0,0.0,0.0,2430.0,0.0,40.0,5.2,4.1,29.0,0.0,0.0,0.0,0.0,
2023-03-27,Lunch,5:45 PM,81.1,0.3,0.0,0.0,0.0,0.0,0.0,259.0,254.3,1.1,0.0,1.1,17.0,0.0,0.0,1.1,0.7,
2023-03-27,Lunch,7:20 PM,611.0,11.0,0.0,0.0,0.0,0.0,0.0,0.0,0.0,99.0,0.0,0.0,29.0,0.0,0.0,0.0,0.0,
2023-03-27,Dinner,,239.9,8.5,1.4,0.0,0.0,0.0,105.8,155.2,0.0,0.0,0.0,0.0,36.7,0.0,0.0,2.8,5.6,
2023-03-27,Dinner,9:50 PM,289.0,10.3,1.0,0.6,0.1,0.0,0.0,211.6,1501.1,42.2,10.8,14.4,12.3,51.4,396.6,44.8,19.8,
2023-03-28,Breakfast,2:25 PM,495.6,4.1,2.1,0.1,0.0,0.0,0.0,246.0,422.4,65.0,8.8,51.9,51.1,5.0,17.1,0.6,1.7,
2023-03-28,Lunch,,177.5,8.9,0.6,0.0,0.0,0.0,0.0,126.8,494.5,20.3,2.5,8.9,3.8,25.4,0.0,31.7,2.5,
2023-03-28,Lunch,2:25 PM,503.8,12.9,4.8,0.8,2.3,0.0,0.0,2560.9,0.0,48.4,5.2,6.2,46.1,0.0,0.0,0.0,0.0,
2023-03-28,Lunch,2:30 PM,5.0,0.0,0.0,0.0,0.0,0.0,0.0,170.0,0.0,1.0,0.0,1.0,0.0,2.0,0.0,0.0,0.0,
2023-03-28,Lunch,10:00 PM,258.8,2.4,1.6,0.0,0.0,0.0,0.0,123.0,0.0,23.9,2.8,18.1,37.4,0.0,17.8,0.0,1.2,
2023-03-28,Dinner,7:30 PM,210.5,2.0,0.5,0.8,0.2,0.0,0.0,239.3,1804.6,44.4,15.2,15.8,11.8,2253.5,490.6,22.0,22.6,
2023-03-28,Snacks,8:35 PM,156.3,0.8,0.1,0.3,0.0,0.0,0.0,5.8,362.5,39.5,7.6,28.9,1.7,0.0,108.7,3.8,2.3,
2023-03-29,Breakfast,8:15 AM,358.2,5.2,2.1,0.0,0.0,0.0,0.0,144.0,0.0,34.5,3.5,13.9,42.5,0.0,0.0,0.0,0.0,
2023-03-29,Lunch,3:05 PM,572.8,17.4,5.3,0.8,2.3,0.0,0.0,2103.7,247.3,53.4,6.7,10.6,47.5,16.7,0.0,15.9,1.3,
2023-03-29,Dinner,4:25 PM,542.7,6.2,0.5,0.8,0.2,0.0,0.0,118.9,1430.8,63.6,11.8,7.8,65.6,39.1,557.7,18.5,24.9,
2023-03-29,Snacks,10:25 PM,146.6,1.3,0.1,0.2,0.0,0.0,0.0,3.8,148.5,28.8,9.4,25.0,2.6,0.0,93.4,2.6,1.0,
2023-03-30,Breakfast,9:00 AM,625.0,20.6,5.3,0.0,0.0,0.0,0.0,2431.2,0.0,74.3,5.7,35.5,33.2,0.0,25.0,0.0,0.0,
2023-03-30,Breakfast,6:55 PM,177.5,8.9,0.6,0.0,0.0,0.0,0.0,126.8,494.5,20.3,2.5,8.9,3.8,25.4,0.0,31.7,2.5,
2023-03-30,Lunch,1:00 PM,611.0,11.0,0.0,0.0,0.0,0.0,0.0,0.0,0.0,99.0,0.0,0.0,29.0,0.0,0.0,0.0,0.0,
2023-03-30,Lunch,4:05 PM,67.6,0.2,0.0,0.0,0.0,0.0,0.0,215.8,211.9,0.9,0.0,0.9,14.2,0.0,0.0,0.9,0.6,
2023-03-30,Snacks,10:10 PM,85.0,0.3,0.2,0.0,0.0,0.0,0.0,150.0,0.0,12.5,0.0,12.5,8.5,0.0,0.0,0.0,0.0,
2023-03-30,Snacks,10:15 PM,279.6,3.5,2.0,0.0,0.0,0.0,0.0,0.0,0.0,19.6,6.0,19.1,39.9,0.0,0.0,0.0,0.0,
2023-03-31,Lunch,1:55 PM,396.4,15.9,5.6,2.5,5.5,0.0,327.4,254.8,248.5,31.5,5.4,4.1,27.6,0.0,0.0,5.4,8.9,
2023-03-31,Lunch,5:20 PM,378.2,3.4,1.8,0.0,0.0,0.0,0.0,240.0,0.0,39.1,6.0,38.6,45.9,0.0,0.0,0.0,0.0,
2023-03-31,Dinner,,606.2,10.8,3.0,0.4,0.2,0.0,220.1,345.6,1458.0,37.3,15.3,14.7,93.0,0.0,629.0,26.1,20.0,
2023-03-31,Dinner,7:25 PM,155.1,8.7,2.8,1.8,3.2,0.0,327.4,159.5,281.4,6.8,1.9,4.1,12.0,556.9,4.9,6.6,9.4,
2023-03-31,Dinner,9:20 PM,61.6,0.2,0.0,0.0,0.0,0.0,0.0,0.0,237.1,15.4,3.1,12.2,1.2,0.0,116.2,5.2,0.7,
2023-04-01,Breakfast,8:15 AM,443.8,17.8,3.3,5.0,2.0,0.0,0.0,71.4,377.3,32.1,8.5,6.7,34.6,12.7,0.0,21.9,9.3,
2023-04-01,Lunch,11:05 AM,135.0,0.0,0.0,0.0,0.0,0.0,0.0,250.0,0.0,7.5,0.0,7.5,25.8,0.0,0.0,37.5,0.0,
2023-04-01,Lunch,11:10 AM,135.1,1.1,0.0,0.2,0.0,0.0,0.0,5.9,148.5,28.8,10.0,21.1,1.8,0.0,106.1,2.6,1.8,
2023-04-01,Lunch,3:20 PM,592.0,31.0,4.9,0.0,0.0,0.0,0.0,0.0,0.0,41.8,2.8,9.2,38.2,0.0,0.0,0.0,0.0,
2023-04-01,Lunch,3:25 PM,35.0,3.0,0.0,0.0,0.0,0.0,0.0,0.0,0.0,2.0,0.0,0.0,0.0,0.0,0.0,0.0,0.0,
2023-04-01,Snacks,9:10 PM,475.9,0.7,0.1,0.0,0.0,0.0,0.0,474.0,29.8,77.7,4.8,75.4,43.5,0.0,7.6,52.5,0.5,
2023-04-02,Breakfast,2:25 PM,1044.4,36.6,8.8,6.7,5.2,0.0,327.4,897.0,251.4,74.9,12.6,17.5,69.5,0.0,0.0,10.9,16.6,
2023-04-02,Dinner,7:40 AM,750.0,43.0,19.0,0.0,0.0,2.5,160.0,1280.0,0.0,42.0,3.0,10.0,48.0,10.0,2.0,30.0,35.0,
2023-04-03,Breakfast,7:40 AM,427.7,16.7,5.5,2.2,4.7,0.0,346.6,1158.8,288.5,34.0,8.0,10.6,35.4,0.0,0.0,5.4,10.6,
2023-04-03,Breakfast,7:45 AM,301.2,17.9,10.8,0.5,4.4,0.0,54.3,172.0,28.4,25.8,0.0,0.5,8.9,8.1,0.0,14.7,0.3,
2023-04-03,Lunch,6:55 PM,870.0,37.4,0.0,0.0,0.0,0.0,0.0,0.0,0.0,74.6,0.0,0.0,56.8,0.0,0.0,0.0,0.0,
2023-04-03,Snacks,8:35 AM,175.8,0.3,0.0,0.1,0.0,0.0,0.0,1.7,496.5,48.8,8.0,35.1,2.4,12.0,102.7,9.0,1.1,
2023-04-04,Breakfast,8:35 AM,782.6,26.1,10.0,2.2,6.0,0.0,357.8,126.6,590.4,91.4,3.7,18.6,22.5,13.1,49.0,6.0,10.9,
2023-04-04,Breakfast,7:55 PM,88.8,4.4,0.3,0.0,0.0,0.0,0.0,63.4,247.3,10.1,1.3,4.4,1.9,12.7,0.0,15.9,1.3,
2023-04-04,Lunch,7:55 PM,610.0,18.0,9.0,0.0,0.0,0.0,100.0,2240.0,0.0,67.0,6.0,6.0,34.0,30.0,40.0,45.0,25.0,
2023-04-04,Snacks,7:55 PM,641.0,7.9,4.8,0.0,0.0,0.0,0.0,0.0,0.0,89.0,0.0,75.8,50.0,70.0,0.0,85.0,0.0,
2023-04-05,Breakfast,2:00 PM,565.6,34.2,5.0,2.5,4.8,0.0,516.0,1321.8,429.5,46.2,9.3,13.8,47.5,12.7,0.0,23.3,14.1,
2023-04-05,Lunch,2:00 PM,468.1,20.3,6.0,0.0,0.0,0.0,0.0,978.0,0.0,46.6,0.0,3.7,21.9,0.0,0.0,0.0,0.0,
2023-04-05,Dinner,10:20 AM,520.0,26.0,12.0,1.0,0.0,1.5,95.0,1100.0,0.0,41.0,3.0,10.0,30.0,10.0,2.0,30.0,25.0,
2023-04-05,Snacks,7:55 PM,169.0,4.9,2.8,0.0,0.0,0.0,0.0,0.0,0.0,13.0,0.0,0.8,22.5,0.0,0.0,0.0,0.0,
2023-04-06,Breakfast,10:20 AM,280.8,0.7,0.1,0.2,0.0,0.0,0.0,2.9,918.9,75.8,11.1,49.5,3.7,17.0,119.8,9.6,2.8,
2023-04-06,Breakfast,2:00 PM,510.0,6.0,4.0,0.0,0.0,0.0,0.0,0.0,0.0,48.0,0.0,46.0,55.0,140.0,0.0,170.0,0.0,
2023-04-06,Lunch,2:00 PM,545.0,20.6,0.0,0.0,0.0,0.0,0.0,0.0,0.0,64.4,0.0,0.0,24.2,0.0,0.0,0.0,0.0,
2023-04-06,Dinner,8:45 AM,948.0,39.0,0.0,0.0,0.0,0.0,0.0,0.0,0.0,100.0,0.0,0.0,39.0,0.0,0.0,0.0,0.0,
2023-04-07,Breakfast,8:45 AM,503.4,18.6,7.6,2.1,5.1,0.0,347.7,126.6,589.4,61.1,3.7,18.6,25.3,10.4,49.0,6.0,10.9,
2023-04-07,Breakfast,4:50 PM,1167.5,42.6,10.0,0.2,0.0,0.0,0.0,3.8,598.9,157.2,11.2,39.3,42.0,5.0,29.8,1.6,2.8,
2023-04-07,Snacks,11:05 PM,212.8,1.1,0.1,0.5,0.1,0.0,0.0,9.9,555.9,54.4,10.3,38.6,2.2,0.0,205.4,6.8,3.6,
2023-04-08,Breakfast,9:00 AM,462.3,22.3,8.8,2.0,5.1,0.0,359.4,358.7,167.0,37.4,0.8,6.9,27.6,26.6,50.9,5.6,10.3,
2023-04-08,Lunch,6:10 PM,468.1,20.3,6.0,0.0,0.0,0.0,0.0,978.0,0.0,46.6,0.0,3.7,21.9,0.0,0.0,0.0,0.0,
2023-04-08,Dinner,6:10 PM,280.5,9.1,1.1,0.4,0.0,0.0,0.0,90.0,845.0,31.5,8.0,10.9,22.0,556.9,248.2,12.5,12.6,
2023-04-08,Snacks,8:25 PM,337.7,3.5,2.3,0.0,0.0,0.0,0.0,240.0,0.0,22.9,0.5,22.2,54.9,0.0,0.0,0.0,0.0,
2023-04-09,Breakfast,2:20 PM,387.0,20.1,10.9,0.0,0.0,0.0,0.0,0.3,0.0,44.7,3.3,14.5,8.3,0.0,0.0,0.0,0.0,
2023-04-09,Breakfast,2:25 PM,456.2,23.4,3.7,0.8,2.8,0.0,0.0,0.0,0.0,41.3,0.0,0.1,18.6,0.0,0.0,0.0,0.0,
2023-04-09,Lunch,2:25 PM,612.5,26.3,10.5,0.0,0.0,0.0,52.5,1225.0,0.0,52.5,0.0,0.0,17.5,0.0,0.0,0.0,0.0,
2023-04-09,Dinner,9:15 PM,177.5,8.9,0.6,0.0,0.0,0.0,0.0,126.8,494.5,20.3,2.5,8.9,3.8,25.4,0.0,31.7,2.5,
2023-04-10,Breakfast,5:15 PM,538.4,9.0,4.1,1.0,1.0,0.0,0.0,0.2,254.2,68.8,8.9,42.6,41.8,0.8,0.8,0.8,0.0,
2023-04-10,Lunch,5:20 PM,303.6,11.1,2.0,1.1,7.7,0.0,0.0,1.7,0.0,14.1,2.5,0.1,35.6,0.0,0.0,0.0,0.0,
2023-04-10,Lunch,7:30 PM,243.0,0.8,0.3,0.0,0.0,0.0,0.0,0.0,0.0,33.0,0.0,29.4,25.5,0.0,0.0,0.0,0.0,
2023-04-10,Dinner,5:20 PM,377.0,14.9,0.0,0.0,0.0,0.0,0.0,0.0,0.0,29.4,0.0,0.0,31.5,0.0,0.0,0.0,0.0,
2023-04-10,Dinner,7:30 PM,92.0,0.8,0.2,0.3,0.0,0.0,0.0,118.5,794.0,19.6,6.7,7.3,5.1,1113.7,232.8,10.4,7.8,
2023-04-10,Dinner,7:35 PM,8.8,0.2,0.0,0.0,0.0,0.0,0.0,0.0,0.0,1.4,0.5,1.4,0.4,0.0,0.0,0.0,0.0,
2023-04-11,Breakfast,10:35 AM,631.3,12.4,2.4,1.0,1.0,0.0,0.0,251.6,395.6,79.9,11.9,36.6,45.9,20.3,0.0,25.4,2.0,
2023-04-11,Lunch,,82.0,0.2,0.0,0.0,0.0,0.0,0.0,3.0,0.0,13.5,4.0,5.2,5.0,0.0,0.0,0.0,0.0,
2023-04-11,Lunch,2:05 PM,445.5,11.3,5.4,0.1,0.0,0.0,0.0,55.0,1952.8,49.9,7.2,6.9,35.2,91.7,38.3,5.8,11.6,
2023-04-11,Dinner,8:20 PM,264.2,1.6,0.1,0.0,0.0,0.0,0.0,300.0,0.0,27.0,5.4,13.0,33.5,0.0,0.0,45.0,0.0,
2023-04-12,Breakfast,2:45 PM,558.3,3.8,1.6,0.1,0.0,0.0,0.0,247.3,393.8,88.5,7.2,50.6,44.4,4.7,16.0,0.6,1.6,
2023-04-12,Lunch,7:10 PM,418.3,13.7,5.3,1.1,3.2,0.0,0.0,1154.0,0.0,33.6,6.0,6.5,37.2,0.0,0.0,0.0,0.0,
2023-04-12,Dinner,7:10 PM,217.0,11.1,5.3,0.0,0.0,0.0,0.0,0.0,0.0,0.0,0.0,0.0,29.3,0.0,0.0,0.0,0.0,
2023-04-12,Dinner,8:15 PM,387.1,7.8,0.8,0.3,0.1,0.0,0.0,459.9,3964.5,62.3,21.2,28.5,14.2,294.1,467.2,48.5,14.1,
2023-04-12,Snacks,10:05 PM,301.6,1.2,0.0,0.0,0.0,0.0,0.0,300.0,237.1,38.4,7.1,21.2,33.5,0.0,116.2,50.2,0.7,
2023-04-13,Breakfast,2:35 PM,510.9,13.7,2.2,0.8,0.9,0.0,0.0,258.8,494.5,52.7,12.0,21.5,40.3,25.4,0.0,31.7,2.5,
2023-04-13,Lunch,2:30 PM,544.0,17.4,0.0,0.0,0.0,0.0,0.0,0.0,0.0,17.0,0.0,0.0,77.8,0.0,0.0,0.0,0.0,
2023-04-13,Lunch,2:35 PM,546.1,27.8,5.4,7.2,4.4,0.0,0.0,1.4,57.3,60.9,7.4,18.7,14.0,0.2,0.3,2.1,2.9,
2023-04-13,Lunch,9:05 PM,121.0,0.4,0.2,0.1,0.0,0.0,0.0,1.4,486.9,31.1,3.5,16.6,1.5,5.8,19.7,0.7,2.0,
2023-04-13,Dinner,10:05 PM,213.0,1.0,0.0,0.0,0.0,0.0,0.0,250.0,0.0,21.5,4.0,7.5,27.2,0.0,0.0,37.5,0.0,
2023-04-14,Breakfast,9:30 AM,125.8,2.4,0.3,1.0,1.0,0.0,0.0,0.0,0.0,21.1,2.9,0.4,3.5,0.0,0.0,0.0,0.0,
2023-04-14,Breakfast,6:05 PM,371.7,6.5,3.9,0.1,0.0,0.0,0.0,1.4,486.9,45.0,3.8,30.0,36.5,5.8,19.7,0.7,2.0,
2023-04-14,Lunch,11:30 AM,574.8,29.1,13.2,0.9,3.8,0.0,0.0,901.2,0.0,31.2,6.4,3.4,44.4,0.0,0.0,60.0,0.0,
2023-04-14,Lunch,6:05 PM,381.5,15.1,7.8,0.0,0.0,0.0,0.0,75.0,0.0,34.3,7.6,2.1,36.5,0.0,0.0,0.0,0.0,
2023-04-14,Dinner,6:05 PM,326.5,9.1,1.0,0.2,0.0,0.0,0.0,57.9,648.5,42.0,6.0,22.0,22.7,24.0,219.4,8.3,11.6,
2023-04-14,Snacks,9:25 PM,415.6,13.2,3.6,4.2,4.6,0.0,9.0,567.8,979.3,72.3,11.8,32.1,5.6,0.0,239.0,14.2,13.0,
2023-04-15,Breakfast,12:35 PM,338.1,4.7,1.7,1.0,1.0,0.0,0.0,144.0,0.0,35.0,3.2,13.8,38.5,0.0,0.0,0.0,0.0,
2023-04-15,Lunch,12:30 PM,363.4,3.7,1.7,0.0,0.0,0.0,0.0,240.0,0.0,36.1,4.4,21.6,45.6,0.0,0.0,0.0,0.0,
2023-04-15,Dinner,2:25 PM,468.0,20.6,5.7,0.0,0.0,0.0,0.0,0.0,0.0,42.5,5.7,3.9,25.5,0.0,0.0,0.0,0.0,
2023-04-15,Dinner,6:55 PM,310.7,12.2,3.4,3.8,4.3,0.0,8.6,535.8,624.2,47.9,6.8,15.5,3.7,0.0,57.5,7.4,10.9,
2023-04-15,Snacks,12:50 PM,88.6,0.4,0.0,0.2,0.0,0.0,0.0,3.8,322.3,21.8,4.6,15.7,1.7,0.0,178.5,6.4,1.5,
2023-04-15,Snacks,6:45 PM,417.6,24.0,2.7,6.3,1.3,0.0,66.1,181.4,1130.2,20.3,8.6,6.0,33.1,46.1,301.1,15.1,14.5,
2023-04-16,Breakfast,8:05 AM,438.4,4.9,1.7,0.9,0.9,0.0,0.0,138.2,486.9,63.6,12.9,29.4,34.5,5.8,19.7,0.7,2.0,
2023-04-16,Breakfast,7:25 PM,177.5,8.9,0.6,0.0,0.0,0.0,0.0,126.8,494.5,20.3,2.5,8.9,3.8,25.4,0.0,31.7,2.5,
2023-04-16,Lunch,12:50 PM,560.3,18.4,4.4,5.3,6.0,0.0,150.8,1002.0,1494.8,47.8,9.3,14.9,51.5,0.0,268.4,14.0,18.4,
2023-04-16,Lunch,2:55 PM,373.0,17.0,3.0,0.0,0.0,0.0,0.0,428.0,0.0,38.0,3.0,1.7,15.0,0.0,0.0,0.0,0.0,
2023-04-16,Lunch,7:10 PM,230.0,10.0,5.2,0.0,0.0,0.0,0.0,0.0,0.0,20.0,2.3,1.8,20.0,0.0,0.0,0.0,0.0,
2023-04-16,Dinner,7:35 PM,218.2,1.0,0.3,0.0,0.0,0.0,0.0,282.0,122.2,43.6,3.9,2.7,8.1,0.0,0.0,0.0,0.0,
2023-04-16,Dinner,7:40 PM,163.6,11.1,3.9,1.8,4.1,0.0,48.0,176.6,176.0,0.1,0.0,0.0,14.8,0.0,0.0,0.4,1.2,
2023-04-17,Breakfast,8:20 AM,112.0,9.0,1.2,5.0,2.0,0.0,0.0,0.0,130.0,1.1,4.0,0.6,4.0,0.0,0.0,6.0,8.0,
2023-04-17,Breakfast,8:30 AM,439.2,5.1,1.7,1.2,1.2,0.0,0.0,145.2,422.4,65.3,6.7,28.1,35.1,5.0,17.1,0.6,1.7,
2023-04-17,Breakfast,8:30 PM,477.5,16.8,4.0,0.0,0.0,0.0,0.0,126.8,494.5,48.2,2.5,8.9,24.4,25.4,0.0,31.7,2.5,
2023-04-17,Lunch,3:15 PM,469.8,14.9,4.7,2.5,4.9,0.0,96.0,635.1,474.2,43.7,3.9,2.7,37.7,0.0,0.0,0.7,2.4,
2023-04-17,Snacks,3:20 PM,421.6,2.8,0.5,0.0,0.0,0.0,0.0,235.2,393.1,69.7,15.1,49.4,26.6,0.0,107.7,5.2,8.2,
2023-04-18,Breakfast,7:30 AM,293.5,3.9,1.5,0.8,0.8,0.0,0.0,144.0,0.0,30.9,2.7,13.5,33.3,0.0,0.0,0.0,0.0,
2023-04-18,Breakfast,7:50 AM,105.0,0.4,0.1,0.1,0.0,0.0,0.0,1.2,422.4,27.0,3.1,14.4,1.3,5.0,17.1,0.6,1.7,
2023-04-18,Breakfast,8:45 PM,177.5,8.9,0.6,0.0,0.0,0.0,0.0,126.8,494.5,20.3,2.5,8.9,3.8,25.4,0.0,31.7,2.5,
2023-04-18,Lunch,12:45 PM,831.1,18.6,0.3,0.0,0.0,0.0,95.0,354.6,196.6,38.7,12.6,36.7,65.6,20.0,59.9,22.6,34.1,
2023-04-18,Dinner,,888.0,15.7,8.6,0.2,0.2,0.0,0.0,1961.2,103.2,107.6,6.5,11.4,71.5,0.0,0.0,1.1,29.1,
2023-04-18,Snacks,9:45 PM,167.0,0.6,0.1,0.2,0.0,0.0,0.0,74.3,1912.2,30.9,10.3,21.7,4.2,183.4,107.5,9.7,1.0,
2023-04-19,Breakfast,8:15 AM,341.7,4.8,1.6,1.1,1.2,0.0,0.0,144.0,0.0,38.4,3.7,13.7,35.3,0.0,0.0,0.0,0.0,
2023-04-19,Breakfast,8:20 AM,0.0,0.0,0.0,0.0,0.0,0.0,0.0,0.0,0.0,0.0,0.0,0.0,0.0,0.0,0.0,0.0,0.0,
2023-04-19,Breakfast,6:25 PM,484.0,22.0,6.2,0.0,0.0,0.0,0.0,0.0,0.0,39.6,5.1,3.9,29.1,0.0,0.0,0.0,0.0,
2023-04-19,Lunch,,510.0,22.0,12.0,2.0,5.0,0.0,66.0,660.0,1330.0,45.0,13.0,13.0,37.0,59.0,122.0,7.0,24.0,
2023-04-19,Lunch,6:30 PM,345.0,0.6,0.0,0.0,0.0,0.0,0.0,0.0,0.0,78.3,0.0,0.0,6.6,0.0,0.0,0.0,0.0,
2023-04-19,Dinner,6:25 PM,130.0,7.7,2.6,0.0,0.0,0.0,0.0,430.0,0.0,1.1,0.0,0.0,12.0,0.0,0.0,0.0,0.0,
2023-04-19,Dinner,8:45 PM,354.0,11.0,1.9,0.0,0.0,0.0,0.0,2330.0,0.0,31.9,3.2,2.8,20.1,0.0,0.0,0.0,0.0,
2023-04-20,Breakfast,11:05 AM,724.5,30.2,8.8,0.0,0.0,0.0,0.0,430.0,0.0,64.2,11.9,3.9,43.6,0.0,0.0,0.0,0.0,
2023-04-20,Breakfast,7:25 PM,712.2,19.3,4.6,1.2,3.2,0.0,0.0,506.1,1317.8,121.3,13.9,39.1,17.1,30.4,133.3,37.5,4.9,
2023-04-20,Lunch,7:10 PM,837.0,20.5,0.0,0.0,0.0,0.0,0.0,0.0,0.0,119.0,0.0,0.0,49.0,0.0,0.0,0.0,0.0,
2023-04-20,Dinner,7:10 PM,284.6,0.0,14.5,0.0,0.0,0.0,0.0,0.0,0.0,0.0,0.0,0.0,38.6,0.0,0.0,0.0,0.0,
2023-04-21,Breakfast,2:20 PM,81.6,0.3,0.1,0.0,0.0,0.0,0.0,144.0,0.0,12.0,0.0,12.0,8.2,0.0,0.0,0.0,0.0,
2023-04-21,Breakfast,2:25 PM,405.9,5.6,1.9,1.4,1.4,0.0,0.0,1.2,422.4,57.9,7.3,16.4,32.2,5.0,17.1,0.6,1.7,
2023-04-21,Lunch,12:30 PM,105.0,0.3,0.0,0.0,0.0,0.0,0.0,72.5,0.0,23.3,0.0,23.3,2.3,0.0,0.0,0.0,0.0,
2023-04-21,Lunch,2:25 PM,412.3,4.0,2.1,0.0,0.0,0.0,0.0,240.0,94.4,43.8,7.6,40.1,49.3,0.0,26.9,1.3,1.9,
2023-04-21,Lunch,5:30 PM,43.5,0.3,0.0,0.2,0.0,0.0,0.0,3.8,148.5,10.5,2.3,6.7,0.8,0.0,93.4,2.6,1.0,
2023-04-21,Dinner,,769.5,10.0,2.5,0.0,0.0,0.0,0.0,1201.8,0.0,80.9,12.2,5.5,84.0,0.0,0.0,0.0,0.0,
2023-04-21,Dinner,5:30 PM,227.8,9.5,3.1,2.0,3.3,0.0,327.4,224.0,1069.4,20.5,7.8,5.4,19.6,0.0,446.0,19.0,20.8,
2023-04-21,Snacks,10:00 AM,145.4,0.9,0.1,0.0,0.0,0.0,0.0,0.0,237.1,30.6,8.4,27.4,2.7,0.0,116.2,5.2,0.7,
2023-04-22,Breakfast,12:05 PM,677.5,5.9,1.8,1.3,1.2,0.0,0.0,220.1,681.3,122.1,12.6,76.5,39.5,5.0,35.7,2.1,3.3,
2023-04-22,Breakfast,12:45 PM,90.8,6.4,0.3,0.0,0.0,0.0,0.0,63.4,247.3,14.1,1.3,4.4,3.9,12.7,0.0,15.9,1.3,
2023-04-22,Lunch,12:45 PM,349.8,17.1,7.1,0.6,3.7,0.0,24.9,290.8,299.9,35.8,1.3,4.8,12.6,17.3,0.0,36.4,2.0,
2023-04-22,Lunch,1:05 PM,995.0,31.6,9.7,0.0,0.0,0.0,0.0,1790.1,0.0,98.3,9.8,47.2,71.9,0.0,0.0,0.0,0.0,
2023-04-22,Dinner,6:15 PM,84.7,0.0,0.0,0.0,0.0,0.0,0.0,70.5,1763.7,14.1,5.6,9.1,1.8,183.4,14.1,7.1,0.0,
2023-04-22,Dinner,6:30 PM,102.0,1.1,0.3,0.3,0.1,0.0,0.0,99.0,948.0,19.9,7.8,5.1,8.5,0.0,446.0,14.1,12.2,
2023-04-22,Dinner,8:05 PM,43.5,0.3,0.0,0.2,0.0,0.0,0.0,3.8,148.5,10.5,2.3,6.7,0.8,0.0,93.4,2.6,1.0,
2023-04-22,Snacks,7:30 AM,218.8,0.7,0.1,0.0,0.0,0.0,0.0,250.0,0.0,22.7,5.3,22.7,27.3,0.0,0.0,37.5,0.0,
2023-04-23,Breakfast,7:30 AM,466.2,4.4,0.6,1.1,1.2,0.0,0.0,400.7,0.0,60.2,9.1,33.9,42.0,0.0,0.0,0.0,0.0,
2023-04-23,Lunch,4:15 PM,627.0,34.0,4.9,0.0,0.0,0.0,0.0,0.0,0.0,43.8,2.8,9.2,38.2,0.0,0.0,0.0,0.0,
2023-04-24,Breakfast,,945.0,52.2,19.6,9.7,18.7,0.0,0.0,954.3,234.0,99.2,4.6,10.7,18.9,0.0,0.0,42.2,37.3,
2023-04-24,Breakfast,4:15 PM,208.0,17.5,8.2,0.0,0.0,0.0,0.0,900.0,0.0,0.1,0.0,0.1,12.7,0.0,0.0,60.0,0.0,
2023-04-25,Breakfast,7:45 AM,341.7,4.8,1.6,1.1,1.2,0.0,0.0,144.0,0.0,38.4,3.7,13.7,35.3,0.0,0.0,0.0,0.0,
2023-04-25,Lunch,10:05 PM,345.6,12.0,4.2,3.0,3.9,0.0,0.0,477.1,117.0,49.3,2.3,5.3,9.4,0.0,0.0,21.1,18.7,
2023-04-25,Lunch,10:10 PM,125.8,8.4,2.8,1.7,3.2,0.0,327.4,125.0,121.4,0.6,0.0,0.3,11.1,0.0,0.0,4.9,8.6,
2023-04-25,Dinner,10:10 PM,592.0,31.0,4.9,0.0,0.0,0.0,0.0,0.0,0.0,41.8,2.8,9.2,38.2,0.0,0.0,0.0,0.0,
2023-04-25,Snacks,6:45 AM,606.4,14.1,5.3,1.1,3.2,0.0,0.0,1.7,0.0,107.6,0.0,29.0,11.9,0.0,0.0,0.0,0.0,
2023-04-25,Snacks,10:10 PM,659.9,24.9,13.2,1.1,3.2,0.0,0.0,541.2,0.0,74.4,5.3,15.6,29.3,0.0,0.0,36.0,0.0,
2023-04-26,Breakfast,8:05 PM,715.0,23.0,5.1,2.1,5.0,0.0,40.0,991.2,742.4,107.7,9.1,35.4,24.1,17.0,107.1,8.6,1.7,
2023-04-26,Lunch,8:10 PM,542.0,9.6,1.1,0.0,0.0,0.0,0.0,400.0,0.0,89.7,0.0,0.0,24.3,0.0,0.0,0.0,0.0,
2023-04-26,Dinner,7:40 AM,679.8,25.9,9.9,1.4,11.6,0.0,82.0,553.2,427.0,58.0,7.3,21.4,47.7,15.5,13.2,52.8,13.2,
2023-04-27,Breakfast,5:20 PM,130.0,7.7,2.6,0.0,0.0,0.0,0.0,430.0,0.0,1.1,0.0,0.0,12.0,0.0,0.0,0.0,0.0,
2023-04-27,Breakfast,5:25 PM,727.6,29.2,6.7,0.0,0.0,0.0,0.0,95.1,370.9,78.3,13.8,10.6,34.5,19.0,0.0,23.8,1.9,
2023-04-27,Lunch,5:25 PM,1028.0,28.5,17.1,0.1,0.1,0.0,105.0,260.8,68.8,144.5,4.1,0.0,40.3,0.0,0.0,0.7,19.4,
2023-04-27,Dinner,5:25 PM,218.0,9.0,3.6,0.0,0.0,0.0,0.0,80.0,0.0,18.0,5.6,1.7,20.0,0.0,0.0,0.0,0.0,
2023-04-27,Dinner,9:10 PM,170.0,7.8,1.2,0.0,0.0,0.0,0.0,0.0,0.0,10.8,6.0,6.2,11.2,0.0,0.0,0.0,0.0,
2023-04-27,Snacks,9:10 PM,511.6,4.4,2.3,0.1,0.0,0.0,0.0,241.2,422.4,64.8,8.8,51.7,54.6,5.0,17.1,0.6,1.7,
2023-04-28,Breakfast,7:00 AM,468.1,4.8,0.7,1.3,1.3,0.0,0.0,298.4,422.4,68.1,12.5,26.9,36.8,5.0,17.1,0.6,1.7,
2023-04-28,Lunch,10:35 AM,409.4,18.4,6.6,2.8,6.4,0.0,327.4,455.1,121.4,36.3,6.4,4.1,20.5,0.0,0.0,6.9,20.6,
2023-04-28,Lunch,11:35 AM,216.8,5.0,1.9,0.6,1.6,0.0,0.0,165.0,0.0,35.9,3.5,19.6,4.7,0.0,0.0,1.0,6.0,
2023-04-28,Lunch,5:40 PM,270.0,0.4,0.1,0.1,0.1,0.0,0.0,0.8,64.5,59.5,1.0,0.0,5.0,0.0,0.0,0.7,18.2,
2023-04-28,Dinner,5:40 PM,449.2,29.7,0.5,0.0,0.0,0.0,0.0,0.0,0.0,3.5,0.0,0.0,68.5,0.0,0.0,0.0,0.0,
2023-04-28,Snacks,9:20 PM,409.4,10.4,3.9,1.2,3.2,0.0,0.0,332.5,258.9,69.1,12.2,28.9,10.0,0.0,18.6,3.5,13.6,
2023-04-29,Breakfast,7:30 AM,668.1,9.2,1.0,1.2,1.2,0.0,0.0,448.8,669.7,103.6,13.5,59.2,41.0,17.7,17.1,16.5,3.0,
2023-04-29,Lunch,1:55 PM,602.6,38.8,8.6,4.1,14.4,0.0,590.1,551.2,447.2,21.3,1.3,1.5,39.5,0.0,2.4,8.8,16.4,
2023-04-29,Lunch,2:00 PM,438.0,21.3,0.5,0.0,0.0,0.0,0.0,5.0,320.0,44.5,2.0,22.0,12.0,15.0,160.0,8.0,10.0,
2023-04-29,Lunch,6:05 PM,218.0,9.0,3.6,0.0,0.0,0.0,0.0,80.0,0.0,18.0,5.6,1.7,20.0,0.0,0.0,0.0,0.0,
2023-04-29,Dinner,6:20 PM,343.0,20.0,4.5,0.0,0.0,0.0,0.0,0.0,0.0,8.8,0.0,0.0,31.6,0.0,0.0,0.0,0.0,
2023-04-29,Dinner,6:25 PM,283.4,11.1,3.1,3.4,4.0,0.0,7.8,488.8,569.4,43.7,6.2,14.2,3.4,0.0,52.4,6.8,10.0,
2023-04-30,Breakfast,,177.5,8.9,0.6,0.0,0.0,0.0,0.0,126.8,494.5,20.3,2.5,8.9,3.8,25.4,0.0,31.7,2.5,
2023-04-30,Breakfast,7:00 AM,371.7,5.4,1.7,1.1,1.2,0.0,0.0,144.0,0.0,39.4,9.4,13.7,37.8,0.0,0.0,0.0,0.0,
2023-04-30,Breakfast,11:00 AM,372.9,3.2,1.7,0.0,0.0,0.0,0.0,240.0,0.0,36.4,0.4,21.6,46.5,0.0,0.0,0.0,0.0,
2023-04-30,Lunch,12:45 PM,648.0,20.7,8.3,0.0,0.0,0.0,0.0,1060.1,25.0,67.5,10.4,5.2,42.2,0.0,0.0,8.0,21.0,
2023-04-30,Dinner,11:45 AM,514.1,20.0,6.9,3.0,6.9,0.0,372.0,472.1,138.0,50.7,6.4,4.2,24.3,0.0,0.0,7.6,21.7,
2023-04-30,Dinner,6:30 PM,100.0,1.0,0.0,0.0,0.0,0.0,0.0,0.0,0.0,19.0,6.5,0.0,3.0,0.0,0.0,0.0,0.0,
2023-04-30,Snacks,6:30 PM,150.0,11.0,6.0,0.0,0.0,0.0,5.0,70.0,120.0,17.0,0.0,8.0,6.0,0.0,0.0,0.0,0.0,
2023-05-01,Breakfast,11:45 AM,744.6,8.4,3.4,1.1,1.2,0.0,0.0,384.0,0.0,75.6,18.6,35.3,84.2,0.0,0.0,0.0,0.0,
2023-05-01,Breakfast,8:30 PM,177.5,8.9,0.6,0.0,0.0,0.0,0.0,126.8,494.5,20.3,2.5,8.9,3.8,25.4,0.0,31.7,2.5,
2023-05-01,Snacks,7:45 AM,85.5,0.5,0.0,0.2,0.1,0.0,0.0,1.5,115.5,21.7,3.6,14.9,1.1,0.0,24.3,0.9,2.3,
2023-05-01,Snacks,7:50 AM,116.3,1.3,0.0,0.8,0.1,0.0,0.0,2.7,417.5,26.5,13.6,12.6,3.3,0.3,124.5,6.9,9.0,
2023-05-01,Snacks,3:20 PM,1158.0,19.3,3.0,0.0,0.0,0.0,0.0,284.0,0.0,156.0,18.8,20.0,88.0,0.0,0.0,0.0,0.0,
2023-05-01,Snacks,8:30 PM,360.6,18.3,7.9,1.1,3.2,0.0,0.0,628.1,0.0,35.9,3.9,2.2,11.3,0.0,0.0,31.2,0.0,
2023-05-02,Breakfast,7:50 AM,849.6,8.8,3.5,1.2,1.2,0.0,0.0,385.2,422.4,102.6,21.7,49.7,85.5,5.0,17.1,0.6,1.7,
2023-05-02,Lunch,7:55 PM,512.6,26.9,12.1,0.0,0.0,0.0,0.0,1890.0,0.0,44.8,2.4,3.6,21.6,0.0,0.0,60.0,0.0,
2023-05-02,Dinner,5:20 PM,468.0,20.6,5.7,0.0,0.0,0.0,0.0,0.0,0.0,42.5,5.7,3.9,25.5,0.0,0.0,0.0,0.0,
2023-05-02,Dinner,7:55 PM,380.0,23.0,10.0,0.0,0.0,0.0,85.0,380.0,0.0,38.0,2.0,15.0,9.0,10.0,0.0,6.0,8.0,
2023-05-02,Snacks,7:45 AM,218.9,1.6,0.0,0.9,0.1,0.0,0.0,4.3,502.3,53.4,16.0,34.9,4.0,0.3,140.8,7.6,10.9,
2023-05-02,Snacks,7:55 PM,263.9,4.4,0.8,0.1,0.1,0.0,52.9,78.0,34.4,31.7,0.6,0.0,20.9,0.0,0.0,1.8,12.5,
2023-05-03,Breakfast,6:45 PM,593.8,29.0,8.5,1.7,3.2,0.0,327.4,125.0,121.4,43.1,5.7,4.2,36.6,0.0,0.0,4.9,8.6,
2023-05-03,Lunch,6:45 PM,738.0,40.0,12.0,0.0,0.0,0.0,0.0,0.0,0.0,166.0,0.0,0.0,70.0,0.0,0.0,0.0,0.0,
2023-05-03,Snacks,6:00 PM,390.0,32.0,0.0,0.0,0.0,0.0,0.0,0.0,0.0,2.4,0.0,0.0,22.0,0.0,0.0,0.0,0.0,
2023-05-03,Snacks,6:55 PM,290.0,9.0,7.0,0.0,0.0,0.0,45.0,130.0,0.0,40.0,2.0,34.0,11.0,15.0,2.0,35.0,15.0,
2023-05-03,Snacks,10:00 PM,429.2,6.5,0.4,1.1,0.1,0.0,0.0,72.1,1240.1,94.3,21.3,55.9,7.6,17.7,208.0,25.9,13.6,
2023-05-04,Breakfast,8:45 AM,125.8,8.4,2.8,1.7,3.2,0.0,327.4,125.0,121.4,0.6,0.0,0.3,11.1,0.0,0.0,4.9,8.6,
2023-05-04,Breakfast,11:25 AM,469.0,20.3,5.2,0.0,0.0,0.0,0.0,2430.0,0.0,40.0,5.2,4.1,29.0,0.0,0.0,0.0,0.0,
2023-05-04,Lunch,11:25 AM,532.0,25.7,0.0,0.0,0.0,0.0,0.0,0.0,0.0,52.0,0.0,0.0,20.1,0.0,0.0,0.0,0.0,
2023-05-04,Lunch,5:45 PM,214.6,4.8,0.4,0.1,0.0,0.0,0.0,65.8,506.2,43.5,7.1,29.5,2.5,12.7,18.6,17.4,2.9,
2023-05-04,Dinner,,240.8,4.9,1.7,0.0,0.0,0.0,0.0,313.6,0.0,5.7,0.6,5.7,43.4,0.0,0.0,0.0,0.0,
2023-05-04,Dinner,5:45 PM,203.0,6.9,3.2,0.0,0.0,0.1,10.0,95.0,250.0,21.0,2.7,1.5,21.0,0.0,0.0,13.0,4.0,
2023-05-04,Dinner,7:50 PM,491.0,17.9,6.0,0.0,0.0,0.0,0.0,2.0,0.0,60.6,0.0,7.5,19.4,0.0,0.0,0.0,0.0,
2023-05-04,Snacks,9:55 PM,172.1,1.2,0.1,0.2,0.0,0.0,0.0,3.8,148.5,32.6,5.9,17.4,3.6,0.0,93.4,2.6,1.0,
2023-05-04,Snacks,10:20 PM,0.0,0.0,0.0,0.0,0.0,0.0,0.0,0.0,0.0,0.0,0.0,0.0,0.0,0.0,0.0,0.0,0.0,
2023-05-05,Breakfast,7:50 AM,492.7,5.8,1.9,1.2,1.2,0.0,0.0,145.4,486.9,70.5,12.9,30.3,39.3,5.8,19.7,0.7,2.0,
2023-05-05,Breakfast,10:15 AM,100.3,6.9,0.4,0.0,0.0,0.0,0.0,70.2,273.7,15.3,1.4,4.9,4.1,14.0,0.0,17.5,1.4,
2023-05-05,Lunch,12:40 PM,924.2,30.5,10.1,1.7,3.2,0.0,327.4,1428.6,121.4,94.8,3.0,43.1,65.2,0.0,0.0,4.9,8.6,
2023-05-05,Dinner,4:55 PM,395.0,13.9,1.7,0.0,0.0,0.0,0.0,0.0,0.0,44.2,0.0,8.4,21.1,0.0,0.0,0.0,0.0,
2023-05-05,Snacks,2:15 PM,55.3,4.7,0.2,0.0,0.0,0.0,0.0,38.0,148.4,10.1,0.8,2.7,3.1,7.6,0.0,9.5,0.8,
2023-05-05,Snacks,5:50 PM,111.0,0.6,0.1,0.0,0.0,0.0,0.0,8.0,13.0,22.0,4.3,22.0,1.6,0.0,5.0,0.0,0.0,
2023-05-05,Snacks,9:15 PM,653.4,25.6,2.2,0.0,4.5,0.0,0.0,1902.0,0.0,56.6,0.6,1.0,48.3,0.0,0.0,0.0,0.0,
2023-05-06,Breakfast,9:50 AM,824.2,21.7,10.4,0.0,0.0,0.0,0.0,126.0,0.0,98.8,0.8,45.3,55.1,0.0,0.0,0.0,0.0,
2023-05-06,Breakfast,9:55 AM,30.2,0.3,0.0,0.2,0.0,0.0,0.0,0.3,91.4,7.2,3.6,0.0,0.5,1.4,21.9,1.3,1.9,
2023-05-06,Lunch,12:10 PM,563.6,25.3,9.0,2.5,4.8,0.0,491.0,313.4,182.2,53.7,0.0,0.6,27.5,0.0,0.0,7.4,12.8,
2023-05-06,Dinner,5:00 PM,407.9,15.9,2.5,1.6,10.2,0.0,0.0,101.5,322.3,55.1,10.3,18.5,10.0,3.8,13.1,0.5,1.7,
2023-05-06,Dinner,8:00 PM,182.3,9.1,0.7,0.0,0.0,0.0,0.0,130.2,507.7,20.8,2.6,9.1,3.9,26.0,0.0,32.5,2.6,
2023-05-06,Snacks,8:00 PM,608.2,11.1,19.6,3.4,4.0,0.0,7.8,488.8,569.4,43.7,6.2,14.2,47.5,0.0,52.4,6.8,10.0,
2023-05-07,Breakfast,12:30 PM,633.4,22.0,7.6,1.2,1.2,0.0,0.0,367.7,816.7,73.2,8.4,21.4,36.0,29.2,13.1,70.6,3.8,
2023-05-07,Lunch,,70.6,7.8,3.5,0.0,0.0,0.0,0.0,90.0,0.0,0.1,0.0,0.1,0.1,0.0,0.0,0.0,0.0,
2023-05-07,Lunch,12:30 PM,279.6,9.9,3.0,1.2,3.4,0.0,372.0,124.2,118.0,26.4,4.6,3.4,17.9,8.0,4.0,4.0,8.0,
2023-05-07,Lunch,4:35 PM,325.5,16.6,10.5,0.0,0.0,0.0,94.5,0.2,0.0,0.0,0.0,0.0,43.9,0.0,0.0,0.0,0.0,
2023-05-07,Dinner,12:30 PM,151.6,11.2,0.3,0.0,0.0,0.0,0.0,0.0,0.0,0.5,0.1,0.5,11.7,0.0,0.0,0.0,0.0,
2023-05-07,Snacks,,190.7,0.0,0.0,0.0,0.0,0.0,0.0,0.0,762.7,48.3,0.0,40.7,1.3,2.5,2.5,2.5,0.0,
2023-05-07,Snacks,11:45 AM,600.0,32.0,6.0,0.0,0.0,3.0,60.0,640.0,0.0,74.0,4.0,54.0,6.0,0.0,0.0,4.0,0.0,
2023-05-07,Snacks,4:35 PM,387.2,23.2,12.3,0.0,0.0,0.0,0.0,4.2,914.0,31.3,14.6,5.5,10.8,0.0,0.0,4.0,20.0,
2023-05-07,Snacks,6:25 PM,370.5,13.1,3.6,4.2,4.6,0.0,9.0,567.8,805.5,61.0,9.5,23.1,4.7,0.0,153.9,10.4,12.5,
2023-05-08,Breakfast,11:45 AM,740.5,20.3,7.5,1.1,1.2,0.0,0.0,335.1,1133.6,97.2,13.3,48.9,38.8,21.5,2.5,64.7,1.9,
2023-05-08,Lunch,5:55 PM,658.0,16.6,5.8,2.2,2.6,0.0,144.0,848.8,844.0,52.2,10.0,6.6,73.2,2.0,148.7,5.7,7.8,
2023-05-08,Lunch,6:00 PM,760.0,34.0,18.0,0.0,0.0,0.0,85.0,380.0,0.0,88.0,2.0,15.0,29.0,10.0,0.0,6.0,8.0,
2023-05-08,Dinner,6:40 PM,100.0,1.5,0.0,0.5,0.0,0.0,0.0,200.0,0.0,18.0,1.0,1.0,3.0,10.0,0.0,10.0,6.0,
2023-05-08,Dinner,6:45 PM,275.4,24.3,12.4,0.0,0.0,0.0,0.0,630.0,0.0,0.1,0.0,0.1,13.7,0.0,0.0,36.0,0.0,
2023-05-08,Snacks,9:05 AM,128.6,0.9,0.1,0.0,0.0,0.0,0.0,0.0,0.0,22.1,3.6,10.7,2.8,0.0,0.0,0.0,0.0,
2023-05-09,Breakfast,9:05 AM,371.7,5.4,1.7,1.1,1.2,0.0,0.0,144.0,0.0,39.4,9.4,13.7,37.8,0.0,0.0,0.0,0.0,
2023-05-09,Lunch,6:20 PM,457.1,23.9,5.2,2.1,8.7,0.0,0.0,105.3,363.8,40.7,9.1,11.7,17.1,5.0,12.5,5.9,5.3,
2023-05-09,Dinner,6:20 PM,298.0,8.7,0.9,0.1,0.0,0.0,0.0,274.0,644.0,36.3,4.6,5.3,20.3,0.0,160.7,5.7,6.1,
2023-05-09,Dinner,6:55 PM,207.1,10.4,0.7,0.0,0.0,0.0,0.0,147.9,577.0,23.7,3.0,10.4,4.4,29.6,0.0,37.0,3.0,
2023-05-09,Snacks,11:50 AM,435.5,3.4,1.8,0.1,0.0,0.0,0.0,240.9,322.2,54.1,2.7,32.6,47.0,3.8,13.1,0.5,1.3,
2023-05-09,Snacks,6:50 PM,194.7,17.0,1.9,0.0,0.0,0.0,0.0,0.0,0.0,4.3,2.5,1.5,5.1,0.0,0.0,0.0,0.0,
2023-05-09,Snacks,6:55 PM,310.0,2.0,0.4,0.0,0.0,0.0,36.0,12.0,112.0,62.0,2.0,20.0,10.0,2.0,6.0,0.0,6.0,
2023-05-09,Snacks,8:05 PM,130.0,8.7,2.7,1.2,3.4,0.0,372.0,124.0,118.0,0.7,0.0,0.7,11.1,8.0,4.0,4.0,8.0,
2023-05-10,Breakfast,8:45 AM,783.0,43.7,16.3,0.0,0.0,0.0,0.0,2562.0,0.0,36.5,4.6,3.8,57.2,0.0,0.0,0.0,0.0,
2023-05-10,Breakfast,9:45 AM,110.5,0.5,0.0,0.0,0.0,0.0,0.0,0.0,0.0,23.5,6.8,0.0,2.5,0.0,0.0,0.0,0.0,
2023-05-10,Breakfast,6:20 PM,781.1,20.3,4.1,0.0,0.0,0.0,0.0,242.5,0.0,84.1,4.2,23.6,62.8,0.0,0.0,0.0,0.0,
2023-05-10,Lunch,6:20 PM,400.0,0.0,0.0,0.0,0.0,0.0,0.0,0.0,0.0,0.0,0.0,0.0,0.0,0.0,0.0,0.0,0.0,
2023-05-10,Snacks,6:50 AM,163.6,1.1,0.1,0.0,0.0,0.0,0.0,0.0,0.0,27.8,3.6,10.7,3.7,0.0,0.0,0.0,0.0,
2023-05-11,Breakfast,9:00 AM,835.0,42.1,13.0,0.0,0.0,0.0,0.0,2865.0,0.0,41.6,5.2,4.6,67.8,0.0,0.0,0.0,0.0,
2023-05-11,Breakfast,6:25 PM,133.1,6.7,0.5,0.0,0.0,0.0,0.0,95.1,370.9,15.2,1.9,6.7,2.9,19.0,0.0,23.8,1.9,
2023-05-11,Lunch,6:25 PM,856.6,22.0,12.0,2.0,5.0,0.0,66.0,663.4,1330.0,121.1,14.7,13.0,43.8,59.0,122.0,7.0,24.0,
2023-05-11,Snacks,5:30 PM,550.0,31.7,7.4,0.0,0.0,0.0,0.0,1536.0,0.0,42.6,10.2,7.0,18.2,0.0,0.0,0.0,0.0,
2023-05-11,Snacks,9:35 PM,187.5,1.8,0.1,0.1,0.0,0.0,0.0,0.8,286.4,36.7,13.4,28.2,2.8,3.4,11.6,0.4,1.2,
2023-05-12,Breakfast,7:10 AM,371.7,5.4,1.7,1.1,1.2,0.0,0.0,144.0,0.0,39.4,9.4,13.7,37.8,0.0,0.0,0.0,0.0,
2023-05-12,Breakfast,6:20 PM,141.2,15.6,7.0,0.0,0.0,0.0,0.0,180.0,0.0,0.1,0.0,0.1,0.1,0.0,0.0,0.0,0.0,
2023-05-12,Lunch,6:20 PM,593.6,25.6,10.7,0.0,0.0,0.0,0.0,36.3,0.0,30.2,5.4,3.2,57.7,0.0,0.0,0.0,0.0,
2023-05-12,Dinner,6:30 PM,550.0,17.0,0.0,0.0,0.0,0.0,95.0,120.0,0.0,0.0,5.0,12.0,41.0,20.0,6.0,20.0,30.0,
2023-05-12,Snacks,11:25 AM,467.2,4.4,1.9,0.0,0.0,0.0,0.0,240.0,0.0,48.7,6.0,31.1,51.6,0.0,0.0,0.0,0.0,
2023-05-12,Snacks,6:20 PM,84.6,0.3,0.1,0.1,0.0,0.0,0.0,1.0,340.1,21.7,2.5,11.6,1.0,4.1,13.8,0.5,1.4,
2023-05-12,Snacks,6:25 PM,157.0,13.7,1.5,0.0,0.0,0.0,0.0,0.0,0.0,3.5,2.0,1.2,4.1,0.0,0.0,0.0,0.0,
2023-05-12,Snacks,9:40 PM,116.3,1.5,0.0,0.0,0.0,0.0,0.0,0.0,0.0,18.4,11.3,18.4,1.9,0.0,0.0,0.0,0.0,
2023-05-13,Breakfast,12:00 PM,371.7,5.4,1.7,1.1,1.2,0.0,0.0,144.0,0.0,39.4,9.4,13.7,37.8,0.0,0.0,0.0,0.0,
2023-05-13,Breakfast,8:55 PM,285.5,8.9,0.6,0.0,0.0,0.0,0.0,127.0,494.5,45.5,2.5,31.7,5.6,25.4,0.0,31.7,2.5,
2023-05-13,Lunch,2:40 PM,506.0,22.5,6.5,0.0,0.0,0.0,0.0,1017.0,0.0,49.2,3.0,6.0,25.3,0.0,0.0,0.0,0.0,
2023-05-13,Dinner,7:45 PM,467.0,20.8,7.9,1.2,3.4,0.0,372.0,374.5,202.8,42.3,4.4,15.6,23.6,8.0,4.0,4.4,8.2,
2023-05-13,Snacks,12:00 PM,217.0,6.3,5.0,0.0,0.0,0.0,0.0,0.0,0.0,17.0,0.0,5.9,20.0,0.0,0.0,0.0,0.0,
2023-05-13,Snacks,8:55 PM,611.6,17.9,3.5,0.1,0.0,0.0,0.0,241.0,340.1,58.0,11.3,45.1,54.2,4.1,13.8,0.5,1.4,
2023-05-14,Breakfast,6:20 AM,744.6,8.6,3.4,1.1,1.2,0.0,0.0,384.0,0.0,75.8,9.8,35.3,84.3,0.0,0.0,0.0,0.0,
2023-05-14,Breakfast,11:55 AM,217.7,7.0,0.6,0.1,0.0,0.0,0.0,96.1,711.0,36.9,4.4,18.3,3.9,23.1,13.8,24.3,3.3,
2023-05-14,Lunch,1:40 PM,836.0,20.6,12.1,0.8,2.8,0.0,0.0,2090.0,0.0,124.7,33.4,12.5,36.9,0.0,0.0,0.0,0.0,
2023-05-14,Lunch,6:30 PM,105.0,21.0,2.9,0.0,0.0,0.0,0.0,0.0,0.0,4.4,0.0,0.0,0.9,0.0,0.0,0.0,0.0,
2023-05-14,Dinner,6:30 PM,218.0,9.0,3.6,0.0,0.0,0.0,0.0,80.0,0.0,18.0,5.6,1.7,20.0,0.0,0.0,0.0,0.0,
2023-05-14,Dinner,6:50 PM,437.8,24.3,10.4,1.4,4.5,0.0,186.0,602.3,59.0,30.6,5.4,3.6,21.2,4.0,2.0,38.0,4.0,
2023-05-14,Snacks,7:50 PM,51.0,0.0,0.1,0.1,0.4,0.0,0.0,0.0,268.9,11.5,2.8,0.0,1.3,0.0,157.0,2.0,2.0,
2023-05-14,Snacks,9:50 PM,107.9,1.1,0.0,0.0,0.0,0.0,0.0,0.0,0.0,17.2,6.4,10.4,2.2,0.0,0.0,0.0,0.0,
2023-05-15,Breakfast,9:20 AM,552.0,24.5,0.0,0.0,0.0,0.0,0.0,0.0,0.0,53.1,0.0,0.0,26.9,0.0,0.0,0.0,0.0,
2023-05-15,Breakfast,5:30 PM,240.5,8.2,2.6,0.0,0.0,0.0,0.0,430.0,0.0,24.6,6.8,0.0,14.5,0.0,0.0,0.0,0.0,
2023-05-15,Breakfast,5:35 PM,35.0,0.2,0.0,0.0,0.0,0.0,0.0,0.0,0.0,5.0,0.0,0.0,0.8,0.0,0.0,0.0,0.0,
2023-05-15,Lunch,7:10 PM,906.6,34.2,10.5,0.0,0.0,0.0,0.0,342.8,494.5,110.9,2.5,8.9,38.8,25.4,0.0,31.7,2.5,
2023-05-15,Dinner,7:40 PM,368.4,7.2,1.3,0.2,0.0,0.0,82.7,172.1,474.0,38.5,4.5,2.6,35.4,0.0,223.0,9.3,10.5,
2023-05-15,Snacks,5:30 PM,161.0,14.8,2.3,0.0,0.0,0.0,0.0,0.0,0.0,2.4,1.6,1.1,4.0,0.0,0.0,0.0,0.0,
2023-05-15,Snacks,10:20 PM,129.6,1.3,0.0,0.2,0.0,0.0,0.0,3.8,148.5,24.3,7.9,15.9,2.4,0.0,93.4,2.6,1.0,
2023-05-16,Breakfast,12:35 PM,954.4,13.4,3.9,1.2,1.2,0.0,0.0,448.8,734.2,117.0,14.6,56.3,87.7,18.5,19.7,16.6,3.3,
2023-05-16,Lunch,12:35 PM,481.0,7.2,1.3,0.2,0.0,0.0,82.7,173.2,474.0,63.3,5.1,2.6,37.6,0.0,223.0,9.3,10.5,
2023-05-16,Dinner,8:25 PM,157.0,13.7,1.5,0.0,0.0,0.0,0.0,0.0,0.0,3.5,2.0,1.2,4.1,0.0,0.0,0.0,0.0,
2023-05-16,Snacks,8:20 PM,405.0,18.0,0.0,0.0,0.0,0.0,0.0,0.0,0.0,58.5,0.0,0.0,3.0,0.0,0.0,0.0,0.0,
2023-05-16,Snacks,8:25 PM,322.8,9.7,3.1,1.7,3.2,0.0,327.4,297.8,291.0,25.9,4.4,3.7,29.0,0.0,0.0,5.7,9.0,
2023-05-16,Snacks,9:50 PM,133.1,1.2,0.1,0.2,0.0,0.0,0.0,3.8,148.5,26.1,8.9,22.3,2.3,0.0,93.4,2.6,1.0,
2023-05-17,Breakfast,9:10 AM,599.0,28.0,7.8,0.0,0.0,0.0,0.0,2860.0,0.0,41.1,5.2,4.1,41.0,0.0,0.0,0.0,0.0,
2023-05-17,Breakfast,4:55 PM,506.0,18.4,4.2,0.0,0.0,0.0,0.0,206.8,494.5,61.8,14.9,10.6,26.3,25.4,0.0,31.7,2.5,
2023-05-17,Lunch,4:55 PM,693.7,24.8,9.9,0.0,0.0,0.0,0.0,216.0,0.0,84.2,0.0,0.0,33.7,0.0,0.0,0.0,0.0,
2023-05-17,Snacks,4:55 PM,311.0,9.7,2.5,0.0,0.0,0.0,0.0,0.0,0.0,35.3,0.0,12.6,19.3,0.0,0.0,0.0,0.0,
2023-05-17,Snacks,9:20 PM,184.0,0.7,0.3,0.1,0.0,0.0,0.0,1.4,486.9,42.6,4.5,23.0,2.9,5.8,19.7,0.7,2.0,
2023-05-17,Snacks,9:50 PM,251.4,2.6,1.7,0.0,0.0,0.0,0.0,180.0,0.0,17.1,0.4,16.6,40.8,0.0,0.0,0.0,0.0,
2023-05-18,Breakfast,7:25 PM,883.8,35.4,9.8,0.1,0.0,0.0,0.0,2924.8,734.2,89.8,10.0,32.6,49.5,18.5,19.7,16.6,3.3,
2023-05-18,Breakfast,7:30 PM,1056.1,15.9,1.9,0.0,0.0,0.0,0.0,282.4,0.0,103.7,9.2,20.7,20.4,0.0,0.0,2.0,86.0,
2023-05-18,Dinner,8:50 PM,380.9,4.1,2.1,0.0,0.0,0.0,0.0,240.0,0.0,31.8,6.0,31.3,52.7,0.0,0.0,0.0,0.0,
2023-05-18,Snacks,9:05 PM,232.0,20.0,11.7,0.8,2.8,0.0,0.0,0.0,0.0,0.1,0.0,0.1,12.1,0.0,0.0,0.0,0.0,
2023-05-18,Snacks,9:45 PM,274.6,4.3,1.6,0.0,0.0,0.0,0.0,0.0,0.0,46.8,5.9,4.3,7.5,0.0,0.0,0.0,0.0,
2023-05-19,Breakfast,7:15 AM,393.4,5.8,1.7,1.6,1.7,0.0,0.0,144.0,0.0,48.7,5.0,13.8,34.7,0.0,0.0,0.0,0.0,
2023-05-19,Lunch,7:35 PM,400.0,10.5,4.6,0.0,0.0,0.0,0.0,0.0,0.0,37.2,0.0,0.0,27.5,0.0,0.0,0.0,0.0,
2023-05-19,Dinner,7:35 PM,391.0,33.3,14.3,1.7,3.2,0.0,327.4,971.0,121.4,0.7,0.0,0.4,21.4,0.0,0.0,52.9,8.6,
2023-05-19,Snacks,,100.0,1.0,0.0,0.0,0.0,0.0,0.0,0.0,0.0,19.0,6.5,0.0,3.0,0.0,0.0,0.0,0.0,
2023-05-19,Snacks,11:15 AM,502.9,4.1,2.3,0.1,0.0,0.0,0.0,241.4,486.9,66.1,8.7,51.0,52.2,5.8,19.7,0.7,2.0,
2023-05-19,Snacks,7:45 PM,219.0,1.1,0.2,0.0,0.0,0.0,0.0,0.0,0.0,43.5,2.6,4.3,8.4,0.0,0.0,0.0,0.0,
2023-05-19,Snacks,8:35 PM,391.8,26.1,11.7,0.0,0.0,0.0,0.0,846.0,188.8,25.1,8.6,18.9,12.8,0.0,53.8,50.5,3.8,
2023-05-20,Breakfast,1:45 PM,334.3,4.7,1.6,1.1,1.1,0.0,0.0,144.0,0.0,37.2,3.5,13.7,35.1,0.0,0.0,0.0,0.0,
2023-05-20,Lunch,1:45 PM,696.0,40.1,10.9,0.0,0.0,0.0,0.0,3800.0,0.0,46.5,0.3,9.7,45.1,0.0,0.0,0.0,0.0,
2023-05-20,Dinner,,177.5,8.9,0.6,0.0,0.0,0.0,0.0,126.8,494.5,20.3,2.5,8.9,3.8,25.4,0.0,31.7,2.5,
2023-05-20,Dinner,6:15 PM,799.0,41.6,15.5,0.0,0.0,0.0,0.0,2080.0,0.0,67.8,9.1,10.8,40.2,0.0,0.0,0.0,0.0,
2023-05-20,Dinner,9:05 PM,708.8,34.8,14.7,2.3,3.6,0.0,327.4,1543.6,360.9,56.3,1.7,9.9,41.0,0.0,0.0,64.4,29.7,
2023-05-20,Dinner,10:05 PM,103.1,1.0,0.1,0.0,0.0,0.0,0.0,0.0,0.0,18.3,7.1,18.3,1.8,0.0,0.0,0.0,0.0,
2023-05-20,Snacks,9:05 PM,100.0,0.0,0.0,0.0,0.0,0.0,0.0,0.0,0.0,24.0,0.0,20.0,0.0,0.0,0.0,0.0,0.0,
2023-05-21,Breakfast,7:40 AM,547.6,4.5,1.8,0.1,0.0,0.0,0.0,386.4,486.9,88.0,9.8,36.1,42.0,5.8,19.7,2.7,88.0,
2023-05-21,Breakfast,6:55 PM,242.0,14.5,5.0,0.0,0.0,0.0,0.0,430.0,0.0,3.1,0.0,0.0,24.8,0.0,0.0,0.0,0.0,
2023-05-21,Lunch,6:55 PM,1083.0,26.4,4.6,0.0,0.0,0.0,35.0,2050.0,0.0,91.9,3.6,6.1,37.7,0.0,0.0,0.0,2.0,
2023-05-21,Snacks,6:55 PM,381.6,3.5,2.0,0.0,0.0,0.0,0.0,240.0,0.0,33.9,0.4,21.9,51.3,0.0,0.0,0.0,0.0,
2023-05-22,Breakfast,1:10 PM,352.9,5.0,1.8,1.1,1.1,0.0,0.0,144.0,0.0,37.5,3.5,13.9,39.0,0.0,0.0,0.0,0.0,
2023-05-22,Lunch,1:15 PM,643.4,34.5,14.4,3.3,6.3,0.0,327.4,1506.9,232.6,50.0,2.1,4.8,32.8,0.0,0.0,63.8,29.2,
2023-05-22,Dinner,6:45 PM,466.0,21.0,6.6,1.4,4.2,0.0,0.0,411.0,966.0,49.8,6.9,6.8,22.8,0.0,241.0,8.6,9.1,
2023-05-22,Snacks,6:45 PM,838.4,32.9,15.3,2.2,9.7,0.1,5.5,661.0,89.3,100.4,3.1,14.3,35.7,0.0,0.0,4.5,3.1,
2023-05-22,Snacks,9:00 PM,388.5,3.7,1.8,0.0,0.0,0.0,0.0,240.0,0.0,40.4,7.5,39.9,46.0,0.0,0.0,0.0,0.0,
2023-05-23,Breakfast,9:35 AM,460.5,9.8,2.0,1.1,1.2,0.0,0.0,207.4,247.3,49.5,10.7,18.1,39.7,12.7,0.0,15.9,1.3,
2023-05-23,Breakfast,10:00 PM,104.5,0.5,0.1,0.0,0.0,0.0,0.0,0.0,0.0,18.8,1.5,9.1,2.4,0.0,0.0,0.0,0.0,
2023-05-23,Lunch,2:30 PM,408.8,14.0,5.0,0.0,0.0,0.0,0.0,581.0,0.0,55.1,0.0,0.1,11.6,0.0,0.0,0.0,0.0,
2023-05-23,Dinner,6:20 PM,382.8,22.2,0.0,0.0,0.0,0.0,0.0,0.0,0.0,0.0,0.0,0.0,45.5,0.0,0.0,0.0,0.0,
2023-05-23,Snacks,10:20 AM,200.0,7.2,4.4,0.0,0.0,0.0,32.0,0.4,0.0,19.2,0.0,19.2,14.4,0.0,0.0,64.0,0.0,
2023-05-23,Snacks,10:25 AM,271.9,3.4,1.6,0.0,0.0,0.0,0.0,0.0,0.0,23.5,9.4,23.0,32.8,0.0,0.0,0.0,0.0,
2023-05-23,Snacks,12:10 PM,188.8,8.5,3.3,0.7,2.5,0.0,0.0,182.0,0.0,22.1,0.0,0.1,4.6,0.0,0.0,0.0,0.0,
2023-05-23,Snacks,4:35 PM,67.0,0.4,0.1,0.1,0.0,0.0,0.0,33.0,481.0,13.8,3.2,1.7,4.0,0.0,148.7,5.0,6.5,
2023-05-23,Snacks,6:15 PM,225.5,0.9,0.3,0.1,0.0,0.0,0.0,1.4,486.9,49.9,5.0,25.7,3.9,5.8,19.7,0.7,2.0,
2023-05-23,Snacks,7:45 PM,251.2,21.9,2.4,0.0,0.0,0.0,0.0,0.0,0.0,5.6,3.2,1.9,6.6,0.0,0.0,0.0,0.0,
2023-05-24,Breakfast,5:30 PM,469.0,20.3,5.2,0.0,0.0,0.0,0.0,2430.0,0.0,40.0,5.2,4.1,29.0,0.0,0.0,0.0,0.0,
2023-05-24,Breakfast,6:05 PM,218.8,12.1,2.9,0.0,0.0,0.0,0.0,493.4,247.3,11.2,1.3,4.4,13.9,12.7,0.0,15.9,1.3,
2023-05-24,Lunch,6:05 PM,1072.9,31.9,10.6,0.0,0.0,0.0,0.0,559.4,247.3,147.2,7.3,13.9,48.5,12.7,0.0,17.9,87.3,
2023-05-24,Dinner,6:20 PM,630.8,24.7,0.1,0.0,0.0,0.0,0.0,364.0,0.0,44.0,0.0,0.0,54.7,0.0,0.0,0.0,0.0,
2023-05-24,Snacks,5:30 PM,161.0,14.8,2.3,0.0,0.0,0.0,0.0,0.0,0.0,2.4,1.6,1.1,4.0,0.0,0.0,0.0,0.0,
